ID,name,n1,n2,n3,score
1,Victor Bernal,4.2,5.0,3.5,4.233333333333333
2,Ange Bernal,5.0,3.6,4.1,4.233333333333333
3,Jorge Bernal,5.0,4.1,4.6,4.566666666666666
4,Nassira Fakih,4.7,4.8,5.0,4.833333333333333
5,Lia Rueda,4.5,4.3,4.9,4.566666666666667
